0,The Blizzak DM-V2 is which type of tire?,Winter,Summer,All-season,Performance
0,The Blizzak DM-V2 is designed for which vehicles?,"Light trucks, SUVs, and CUVs",Cars and sports cars,Commercial vehicles and SUVs,Light trucks and commercial vehicles
1,True or False: The Blizzak DM-V2 is pinned for studs.,FALSE,TRUE,,
1,True or False: The Blizzak DM-V2 uses bite particles for enhanced ice traction.,TRUE,FALSE,,
0,Which technology improves traction on ice?,Next-Generation Multicell Compound ,Pumice Tread Particles ,Aggressive Block Edges,Citrus Oil Enhanced Tread Rubber 
0,Which technology removes water from the surface of the ice for solid braking?,Next-Generation Multicell Compound ,Optimized Contact Footprint,Aggressive Block Edges,Citrus Oil Enhanced Tread Rubber 
0,Which technology increases tread contact with the road?,Optimized Contact Footprint,Next-Generation Multicell Compound ,Aggressive Block Edges,Advanced Hydrophilic Properties
0,Which technology helps the tire bite into the snow?,Aggressive Block Edges,Next-Generation Multicell Compound ,Optimized Contact Footprint,Advanced Hydrophilic Properties
0,Which of these is NOT a feature of the Blizzak DM-V2?,Pinned for studs,Confident stopping power on snow and ice,Bite particles for impressive ice traction,Reliable handing in winter conditions
1,True or False: The Blizzak DM-V2 is a Max Traction tire.,FALSE,TRUE,,
1,True or False: The Blizzak DM-V2 is design for light truck vehicles.,TRUE,FALSE,,
1,True or False: The Blizzak DM-V2 is engineered for commercial use. ,FALSE,TRUE,,
1,True or False: The Blizzak DM-V2 is engineered to provide confident stopping power on winter roads.,TRUE,FALSE,,
1,"True or False: The Blizzak DM-V2 is engineered for pickup trucks, CUVs, and SUVs.",TRUE,FALSE,,
1,"True or False: The Blizzak DM-V2 is backed by Bridgestoneâ€™s 90 Day Buy & Try Guarantee.",FALSE,TRUE,,
1,True or False: The Blizzak DM-V2 is available in more than 50 sizes. ,TRUE,FALSE,,
1,True or False: The Blizzak DM-V2 is an all-season tire.,FALSE,TRUE,,
1,True or False: The Blizzak DM-V2 is designed for heavy-duty trucks and commercial vehicles.,FALSE,TRUE,,
1,"True or False: The Blizzak DM-V2 is available in sizes with R, S, and T speed ratings.",TRUE,FALSE,,