0,What category of tire is the Transforce HT2?,Commercial Light Truck,Light Truck,Touring,Performance
0,The Transforce HT2 is designed for which vehicles?,Heavy-duty trucks and commercial vehicles,Light trucks and SUVs,Light trucks and CUVs,SUVs and CUVs
1,True or False: The Transforce HT2 is pinned for #14 studs.,FALSE,TRUE,,
1,True or False: The Transforce HT2 is an all-season tire.,TRUE,FALSE,,
1,True or False: The Transforce HT2 is an all-terrain Commercial Light Truck tire.,FALSE,TRUE,,
0,Which technology in the Transforce HT2 enhances snow traction?,Sawtooth Edge Siping ,New Cavity Design,Optimized Tread Profile ,Noise Reduction Technology
0,Which technology in the Transforce HT2 reduces the risk of hydroplaning?,Full Depth Lateral Slots,New Cavity Design,Sawtooth Edge Siping ,Noise Reduction Technology
0,Which technology in the Transforce HT2 provides biting edges in snow?,Sawtooth Edge Siping ,New Cavity Design,Noise Reduction Technology,Full Depth Lateral Slots
0,Which technology in the Transforce HT2 helps reduce uneven wear?,New Cavity Design,Sawtooth Edge Siping ,Full Depth Lateral Slots,Noise Reduction Technology
0,Which technology in the Transforce HT2 maintains block stiffness?,Sawtooth Edge Siping ,New Cavity Design,Full Depth Lateral Slots,Noise Reduction Technology
0,Which of these is NOT a feature of the Transforce HT2?,All-Steel Casing Plies ,Chip and tear resistance,Quiet ride,All-season performance
1,True or False: The Transforce HT2 is a Max Traction tire.,FALSE,TRUE,,
1,True or False: The Transforce HT2 is an all-season Commercial Light Truck tire.,TRUE,FALSE,,
1,True or False: The Transforce HT2 offers improved fuel economy compared to the original Transforce HT.,TRUE,FALSE,,
1,True or False: The Transforce HT2 is an all-terrain tire.,FALSE,TRUE,,
1,True or False: The Transforce HT2 is engineered for light duty pick-up trucks and SUVs.,FALSE,TRUE,,
1,"True or False: The Transforce HT2 is backed by Firestoneâ€™s 90 Day Buy & Try Guarantee.",TRUE,FALSE,,
1,True or False: The Transforce HT2 is designed for commercial trucks and vans hauling heavy loads or trailers.,TRUE,FALSE,,
1,True or False: The new cavity design of the Transforce HT2 reduces uneven wear compared to the original Transforce HT.,TRUE,FALSE,,
1,True or False: The Transforce HT2 offers improved chip and tear resistance compared to the Transforce HT.,TRUE,FALSE,,